{"log_id": 3976968174583670309, "direction": 0, "words_result_num": 2, "words_result": [{"probability": {"variance": 0.018344, "average": 0.902041, "min": 0.628802}, "location": {"width": 148, "top": 1065, "height": 23, "left": 1368}, "words": "380x216mm"}, {"probability": {"variance": 0.009307, "average": 0.950485, "min": 0.687629}, "location": {"width": 118, "top": 1095, "height": 20, "left": 1368}, "words": "2016.9.22"}], "language": 0}