{"log_id": 8958309859428519552, "direction": 0, "words_result_num": 1, "words_result": [{"probability": {"variance": 0.02251, "average": 0.890677, "min": 0.444759}, "location": {"width": 155, "top": 1467, "height": 21, "left": 268}, "words": "P7159293(6601"}], "language": 0}