{"log_id": 7924002308904145111, "direction": 1, "words_result_num": 2, "words_result": [{"probability": {"variance": 0.012669, "average": 0.93992, "min": 0.568659}, "location": {"width": 19, "top": 1183, "height": 231, "left": 264}, "words": "sof2015-02-1307:06.22"}, {"probability": {"variance": 0.000738, "average": 0.985051, "min": 0.902195}, "location": {"width": 22, "top": 620, "height": 118, "left": 259}, "words": "asof2015-02"}], "language": 0}