{"log_id": 5504627024966202996, "direction": 0, "words_result_num": 4, "words_result": [{"probability": {"variance": 0.030537, "average": 0.915531, "min": 0.388179}, "location": {"width": 168, "top": 47, "height": 36, "left": 179}, "words": "邮政码:300457"}, {"probability": {"variance": 0.01464, "average": 0.915855, "min": 0.528812}, "location": {"width": 526, "top": 57, "height": 60, "left": 179}, "words": "电话和传真号码:电话:(022)24160836:(02)25299571"}, {"probability": {"variance": 0.018318, "average": 0.930016, "min": 0.456743}, "location": {"width": 358, "top": 91, "height": 48, "left": 344}, "words": "传真:(022)24160849;(022662022"}, {"probability": {"variance": 0, "average": 0.775791, "min": 0.775791}, "location": {"width": 147, "top": 1114, "height": 67, "left": 673}, "words": "少"}], "language": 3}